start.date,end.date,block,treatment,plot,replicate,sampling.method,family,morphospecies.code,count
2008-05-19,2008-05-29,Valley,Girdled,1,4,Litter_sifting,Carabidae,9,2
2008-09-22,2008-10-02,Valley,Girdled,1,1,Litter_sifting,Carabidae,9,4
2008-09-22,2008-10-02,Valley,Girdled,1,5,Litter_sifting,Curculionidae,85,1
2008-07-18,2008-07-28,Valley,Girdled,1,1,Litter_sifting,Carabidae,9,2
2008-09-22,2008-10-02,Valley,Girdled,1,4,Litter_sifting,Leiodidae,83,4
2008-07-18,2008-07-28,Valley,Girdled,1,1,Pitfall,Carabidae,9,1
2008-09-22,2008-10-02,Valley,Girdled,1,2,Litter_sifting,Leiodidae,83,1
2008-09-22,2008-10-02,Valley,Girdled,1,3,Litter_sifting,Carabidae,9,1
2008-07-18,2008-07-28,Valley,Girdled,1,3,Litter_sifting,Staphylinidae,72,1
2008-07-18,2008-07-28,Valley,Girdled,1,4,Litter_sifting,Carabidae,9,1
2008-05-19,2008-05-29,Valley,Girdled,1,2,Pitfall,Carabidae,9,1
2008-05-19,2008-05-29,Valley,Girdled,1,2,Pitfall,Staphylinidae,10,1
2008-05-19,2008-05-29,Valley,Girdled,1,1,Pitfall,Staphylinidae,10,1
2008-05-19,2008-05-29,Valley,Girdled,1,3,Pitfall,Staphylinidae,11,1
2008-05-19,2008-05-29,Valley,Girdled,1,4,Litter_sifting,Staphylinidae,38,9
2008-05-19,2008-05-29,Valley,Girdled,1,2,Pitfall,Staphylinidae,11,2
2008-07-18,2008-07-28,Valley,Girdled,1,3,Pitfall,Carabidae,75,1
2008-07-18,2008-07-28,Valley,Girdled,1,5,Pitfall,Scarabaeidae,108,1
2008-09-22,2008-10-02,Valley,Girdled,1,2,Litter_sifting,Carabidae,9,2
2008-09-22,2008-10-02,Valley,Girdled,1,2,Pitfall,Carabidae,104,1
2008-05-19,2008-05-29,Valley,Girdled,1,3,Pitfall,Carabidae,2,4
2008-07-18,2008-07-28,Valley,Girdled,1,1,Pitfall,Carabidae,106,1
2008-05-19,2008-05-29,Valley,Girdled,1,5,Pitfall,Carabidae,2,15
2008-05-19,2008-05-29,Valley,Girdled,1,4,Pitfall,Carabidae,2,13
2008-05-19,2008-05-29,Valley,Girdled,1,4,Litter_sifting,Carabidae,2,1
2008-07-18,2008-07-28,Valley,Girdled,1,5,Pitfall,Carabidae,104,1
2008-07-18,2008-07-28,Valley,Girdled,1,3,Pitfall,Carabidae,104,2
2008-07-18,2008-07-28,Valley,Girdled,1,2,Litter_sifting,Carabidae,86,2
2008-07-18,2008-07-28,Valley,Girdled,1,1,Pitfall,Carabidae,104,2
2008-05-19,2008-05-29,Valley,Girdled,1,5,Pitfall,Carabidae,9,1
2008-09-22,2008-10-02,Valley,Girdled,1,4,Pitfall,Carabidae,104,1
2008-09-22,2008-10-02,Valley,Girdled,1,5,Pitfall,Carabidae,104,1
2008-07-18,2008-07-28,Valley,Girdled,1,2,Pitfall,Carabidae,104,2
2008-07-18,2008-07-28,Valley,Girdled,1,4,Pitfall,Carabidae,104,2
2008-05-19,2008-05-29,Valley,Girdled,1,2,Pitfall,Carabidae,8,2
2008-07-18,2008-07-28,Valley,Girdled,1,4,Pitfall,Carabidae,8,1
2008-05-19,2008-05-29,Valley,Girdled,1,4,Pitfall,Carabidae,9,1
2008-07-18,2008-07-28,Valley,Girdled,1,5,Pitfall,Staphylinidae,72,1
2008-05-19,2008-05-29,Valley,Girdled,1,1,Pitfall,Carabidae,2,7
2008-05-19,2008-05-29,Valley,Girdled,1,4,Litter_sifting,Scydmaenidae,35,1
2008-05-19,2008-05-29,Valley,Girdled,1,4,Litter_sifting,Staphylinidae,58,2
2008-07-18,2008-07-28,Valley,Girdled,1,1,Litter_sifting,Staphylinidae,58,2
2008-05-19,2008-05-29,Valley,Girdled,1,5,Litter_sifting,Scarabaeidae,57,1
2008-09-22,2008-10-02,Valley,Girdled,1,3,Litter_sifting,Nitidulidae,55,1
2008-09-22,2008-10-02,Valley,Girdled,1,1,Litter_sifting,Carabidae,24,1
2008-09-22,2008-10-02,Valley,Girdled,1,1,Pitfall,Staphylinidae,50,1
2008-07-18,2008-07-28,Valley,Girdled,1,3,Pitfall,Elateridae,34,1
2008-09-22,2008-10-02,Valley,Girdled,1,3,Litter_sifting,Curculionidae,12,1
2008-05-19,2008-05-29,Valley,Girdled,1,2,Litter_sifting,Scydmaenidae,35,3
2008-07-18,2008-07-28,Valley,Girdled,1,1,Litter_sifting,Scaphidiidae,62,1
2008-05-19,2008-05-29,Valley,Girdled,1,3,Pitfall,Staphylinidae,139,1
2008-07-18,2008-07-28,Valley,Girdled,1,5,Litter_sifting,Scydmaenidae,35,1
2008-09-22,2008-10-02,Valley,Girdled,1,1,Litter_sifting,Scydmaenidae,35,1
2008-05-19,2008-05-29,Valley,Girdled,1,3,Litter_sifting,Staphylinidae,38,3
2008-09-22,2008-10-02,Valley,Girdled,1,3,Litter_sifting,Staphylinidae,38,1
2008-05-19,2008-05-29,Valley,Girdled,1,5,Litter_sifting,Staphylinidae,38,11
2008-05-19,2008-05-29,Valley,Girdled,1,1,Litter_sifting,Staphylinidae,38,1
2008-05-19,2008-05-29,Valley,Girdled,1,4,Litter_sifting,Staphylinidae,50,1
2008-05-19,2008-05-29,Valley,Girdled,1,5,Pitfall,Carabidae,15,1
2008-07-18,2008-07-28,Valley,Girdled,1,2,Litter_sifting,Staphylinidae,72,1
2008-07-18,2008-07-28,Valley,Girdled,1,3,Litter_sifting,Staphylinidae,71,1
2008-07-18,2008-07-28,Valley,Girdled,1,3,Litter_sifting,Scaphidiidae,70,1
2008-09-22,2008-10-02,Valley,Girdled,1,3,Litter_sifting,Carabidae,69,1
2008-05-19,2008-05-29,Valley,Girdled,1,4,Pitfall,Staphylinidae,13,2
2008-07-18,2008-07-28,Valley,Girdled,1,2,Pitfall,Staphylinidae,13,2
2008-05-19,2008-05-29,Valley,Girdled,1,1,Pitfall,Staphylinidae,13,2
2008-07-18,2008-07-28,Valley,Girdled,1,5,Litter_sifting,Staphylinidae,58,1
2008-07-18,2008-07-28,Valley,Girdled,1,5,Pitfall,Carabidae,14,1
2008-05-19,2008-05-29,Valley,Girdled,1,1,Pitfall,Carabidae,21,1
2008-05-19,2008-05-29,Valley,Girdled,1,1,Litter_sifting,Lampyridae,16,1
2008-05-19,2008-05-29,Valley,Girdled,1,5,Litter_sifting,Lampyridae,16,1
2008-05-19,2008-05-29,Valley,Girdled,1,5,Pitfall,Lampyridae,16,1
2008-07-18,2008-07-28,Valley,Girdled,1,1,Litter_sifting,Ptilidae,68,7
2008-07-18,2008-07-28,Valley,Girdled,1,5,Litter_sifting,Ptilidae,68,25
2008-07-18,2008-07-28,Valley,Girdled,1,2,Litter_sifting,Ptilidae,68,2
2008-09-22,2008-10-02,Valley,Girdled,1,1,Litter_sifting,Scaphidiidae,62,1
2008-05-19,2008-05-29,Valley,Girdled,1,3,Pitfall,Staphylinidae,10,1
2008-05-19,2008-05-29,Valley,Girdled,1,5,Pitfall,Carabidae,14,1
2008-07-18,2008-07-28,Valley,Girdled,1,3,Pitfall,Staphylinidae,121,1
2008-05-19,2008-05-29,Valley,Girdled,1,5,Litter_sifting,Carabidae,2,1
2008-07-18,2008-07-28,Valley,Girdled,1,2,Pitfall,Staphylinidae,126,3
2008-09-22,2008-10-02,Valley,Girdled,1,5,Pitfall,Staphylinidae,121,1
2008-07-18,2008-07-28,Valley,Girdled,1,1,Pitfall,Elateridae,130,1
2008-09-22,2008-10-02,Valley,Girdled,1,3,Pitfall,Staphylinidae,121,1
2008-07-18,2008-07-28,Valley,Girdled,1,5,Pitfall,Staphylinidae,126,2
2008-09-22,2008-10-02,Valley,Girdled,1,2,Pitfall,Carabidae,2,2
2008-07-18,2008-07-28,Valley,Girdled,1,3,Pitfall,Carabidae,2,3
2008-09-22,2008-10-02,Valley,Girdled,1,3,Litter_sifting,Carabidae,2,1
2008-09-22,2008-10-02,Valley,Girdled,1,5,Pitfall,Staphylinidae,135,1
2008-09-22,2008-10-02,Valley,Girdled,1,1,Litter_sifting,Carabidae,2,1
2008-05-19,2008-05-29,Valley,Girdled,1,2,Pitfall,Carabidae,2,6
2008-05-19,2008-05-29,Valley,Logged,2,2,Litter_sifting,Carabidae,24,3
2008-05-19,2008-05-29,Valley,Logged,2,2,Pitfall,Tenebrionidae,20,1
2008-05-19,2008-05-29,Valley,Logged,2,5,Pitfall,Carabidae,25,1
2008-07-18,2008-07-28,Valley,Logged,2,4,Pitfall,Nitidulidae,123,1
2008-09-22,2008-10-02,Valley,Logged,2,4,Litter_sifting,Carabidae,24,3
2008-07-18,2008-07-28,Valley,Logged,2,1,Litter_sifting,Carabidae,24,6
2008-05-19,2008-05-29,Valley,Logged,2,1,Litter_sifting,Carabidae,24,8
2008-05-19,2008-05-29,Valley,Logged,2,5,Litter_sifting,Elateridae,52,1
2008-09-22,2008-10-02,Valley,Logged,2,5,Litter_sifting,Scaphidiidae,62,1
2008-07-18,2008-07-28,Valley,Logged,2,2,Litter_sifting,Carabidae,24,2
2008-07-18,2008-07-28,Valley,Logged,2,3,Litter_sifting,Mordellidae,66,1
2008-07-18,2008-07-28,Valley,Logged,2,2,Pitfall,Carabidae,24,2
2008-05-19,2008-05-29,Valley,Logged,2,5,Litter_sifting,Carabidae,24,1
2008-07-18,2008-07-28,Valley,Logged,2,5,Pitfall,Carabidae,24,1
2008-07-18,2008-07-28,Valley,Logged,2,5,Litter_sifting,Carabidae,24,1
2008-07-18,2008-07-28,Valley,Logged,2,4,Pitfall,Scarabaeidae,101,1
2008-09-22,2008-10-02,Valley,Logged,2,4,Litter_sifting,Leiodidae,83,1
2008-07-18,2008-07-28,Valley,Logged,2,1,Litter_sifting,Staphylinidae,78,1
2008-09-22,2008-10-02,Valley,Logged,2,5,Litter_sifting,Leiodidae,83,2
2008-07-18,2008-07-28,Valley,Logged,2,3,Pitfall,Staphylinidae,10,1
2008-09-22,2008-10-02,Valley,Logged,2,2,Pitfall,Carabidae,75,1
2008-09-22,2008-10-02,Valley,Logged,2,1,Pitfall,Carabidae,75,1
2008-05-19,2008-05-29,Valley,Logged,2,3,Pitfall,Curculionidae,12,1
2008-05-19,2008-05-29,Valley,Logged,2,3,Pitfall,Carabidae,17,1
2008-09-22,2008-10-02,Valley,Logged,2,5,Litter_sifting,Coccinellidae,99,1
2008-09-22,2008-10-02,Valley,Logged,2,1,Litter_sifting,Scaphidiidae,62,1
2008-05-19,2008-05-29,Valley,Logged,2,5,Pitfall,Staphylinidae,13,1
2008-05-19,2008-05-29,Valley,Logged,2,5,Pitfall,Carabidae,2,2
2008-05-19,2008-05-29,Valley,Logged,2,3,Pitfall,Carabidae,2,3
2008-07-18,2008-07-28,Valley,Logged,2,3,Litter_sifting,Mycetophagidae,67,1
2008-09-22,2008-10-02,Valley,Logged,2,3,Litter_sifting,Carabidae,24,1
2008-07-18,2008-07-28,Valley,Logged,2,3,Pitfall,Mordellidae,66,1
2008-05-19,2008-05-29,Valley,Logged,2,1,Pitfall,Silphidae,26,1
2008-05-19,2008-05-29,Valley,Logged,2,4,Pitfall,Carabidae,2,3
2008-09-22,2008-10-02,Valley,Logged,2,1,Litter_sifting,Endomychidae,98,1
2008-07-18,2008-07-28,Valley,Logged,2,3,Litter_sifting,Carabidae,24,6
2008-09-22,2008-10-02,Valley,Logged,2,3,Litter_sifting,Scydmaenidae,35,1
2008-05-19,2008-05-29,Valley,Logged,2,2,Pitfall,Scydmaenidae,35,2
2008-07-18,2008-07-28,Valley,Logged,2,1,Pitfall,Carabidae,106,1
2008-09-22,2008-10-02,Valley,Logged,2,3,Pitfall,Derodontidae,134,1
2008-07-18,2008-07-28,Valley,Logged,2,4,Pitfall,Staphylinidae,116,1
2008-09-22,2008-10-02,Valley,Logged,2,3,Pitfall,Carabidae,104,1
2008-07-18,2008-07-28,Valley,Logged,2,4,Pitfall,Carabidae,2,1
2008-07-18,2008-07-28,Valley,Logged,2,3,Pitfall,Throscidae,42,1
2008-05-19,2008-05-29,Valley,Logged,2,1,Litter_sifting,Scydmaenidae,35,2
2008-09-22,2008-10-02,Valley,Logged,2,1,Pitfall,Carabidae,104,1
2008-07-18,2008-07-28,Valley,Logged,2,2,Pitfall,Lycidae,131,1
2008-09-22,2008-10-02,Valley,Logged,2,5,Litter_sifting,Scydmaenidae,35,1
2008-05-19,2008-05-29,Valley,Logged,2,4,Pitfall,Staphylinidae,30,1
2008-07-18,2008-07-28,Valley,Logged,2,4,Pitfall,Mordellidae,111,1
2008-09-22,2008-10-02,Valley,Logged,2,3,Pitfall,Staphylinidae,50,1
2008-07-18,2008-07-28,Valley,Logged,2,5,Pitfall,Carabidae,104,1
2008-09-22,2008-10-02,Valley,Logged,2,3,Litter_sifting,Staphylinidae,30,1
2008-09-22,2008-10-02,Valley,Logged,2,1,Litter_sifting,Scydmaenidae,35,1
2008-09-22,2008-10-02,Valley,Logged,2,5,Pitfall,Carabidae,2,1
2008-09-22,2008-10-02,Valley,Logged,2,4,Pitfall,Carabidae,104,1
2008-07-18,2008-07-28,Valley,Logged,2,1,Pitfall,Carabidae,104,1
2008-07-18,2008-07-28,Valley,Logged,2,3,Pitfall,Carabidae,104,1
2008-07-18,2008-07-28,Valley,Hemlock,3,4,Litter_sifting,Curculionidae,12,2
2008-05-19,2008-05-29,Valley,Hemlock,3,1,Pitfall,Elateridae,37,1
2008-05-19,2008-05-29,Valley,Hemlock,3,5,Litter_sifting,Curculionidae,45,1
2008-05-19,2008-05-29,Valley,Hemlock,3,5,Litter_sifting,Scarabaeidae,44,1
2008-07-18,2008-07-28,Valley,Hemlock,3,4,Litter_sifting,Staphylinidae,72,1
2008-07-18,2008-07-28,Valley,Hemlock,3,2,Pitfall,Staphylinidae,126,3
2008-07-18,2008-07-28,Valley,Hemlock,3,1,Litter_sifting,Curculionidae,12,2
2008-09-22,2008-10-02,Valley,Hemlock,3,3,Litter_sifting,Scydmaenidae,35,3
2008-07-18,2008-07-28,Valley,Hemlock,3,3,Pitfall,Staphylinidae,72,1
2008-09-22,2008-10-02,Valley,Hemlock,3,2,Litter_sifting,Scydmaenidae,35,2
2008-09-22,2008-10-02,Valley,Hemlock,3,2,Litter_sifting,Staphylinidae,11,2
2008-07-18,2008-07-28,Valley,Hemlock,3,5,Litter_sifting,Staphylinidae,72,2
2008-07-18,2008-07-28,Valley,Hemlock,3,5,Litter_sifting,Curculionidae,12,1
2008-09-22,2008-10-02,Valley,Hemlock,3,5,Litter_sifting,Curculionidae,12,3
2008-07-18,2008-07-28,Valley,Hemlock,3,2,Litter_sifting,Curculionidae,12,1
2008-09-22,2008-10-02,Valley,Hemlock,3,5,Litter_sifting,Carabidae,2,1
2008-07-18,2008-07-28,Valley,Hemlock,3,4,Litter_sifting,Scarabaeidae,44,1
2008-07-18,2008-07-28,Valley,Hemlock,3,5,Pitfall,Staphylinidae,124,1
2008-05-19,2008-05-29,Valley,Hemlock,3,3,Litter_sifting,Staphylinidae,38,2
2008-07-18,2008-07-28,Valley,Hemlock,3,2,Pitfall,Staphylinidae,10,1
2008-05-19,2008-05-29,Valley,Hemlock,3,1,Pitfall,Elateridae,40,1
2008-07-18,2008-07-28,Valley,Hemlock,3,5,Pitfall,Nitidulidae,123,1
2008-07-18,2008-07-28,Valley,Hemlock,3,2,Pitfall,Leiodidae,80,1
2008-07-18,2008-07-28,Valley,Hemlock,3,1,Pitfall,Nitidulidae,123,1
2008-09-22,2008-10-02,Valley,Hemlock,3,3,Litter_sifting,Staphylinidae,82,2
2008-05-19,2008-05-29,Valley,Hemlock,3,3,Pitfall,Carabidae,1,1
2008-05-19,2008-05-29,Valley,Hemlock,3,3,Litter_sifting,Elateridae,37,1
2008-07-18,2008-07-28,Valley,Hemlock,3,5,Litter_sifting,Nitidulidae,55,2
2008-05-19,2008-05-29,Valley,Hemlock,3,4,Litter_sifting,Chrysomelidae,60,1
2008-09-22,2008-10-02,Valley,Hemlock,3,1,Pitfall,Staphylinidae,133,4
2008-05-19,2008-05-29,Valley,Hemlock,3,1,Litter_sifting,Carabidae,2,1
2008-07-18,2008-07-28,Valley,Hemlock,3,1,Litter_sifting,Ptilidae,23,1
2008-05-19,2008-05-29,Valley,Hemlock,3,2,Litter_sifting,Scarabaeidae,57,1
2008-07-18,2008-07-28,Valley,Hemlock,3,4,Litter_sifting,Ptilidae,68,14
2008-07-18,2008-07-28,Valley,Hemlock,3,1,Litter_sifting,Scydmaenidae,35,4
2008-05-19,2008-05-29,Valley,Hemlock,3,4,Litter_sifting,Scaphidiidae,62,1
2008-09-22,2008-10-02,Valley,Hemlock,3,3,Litter_sifting,Nitidulidae,55,1
2008-07-18,2008-07-28,Valley,Hemlock,3,1,Pitfall,Staphylinidae,50,2
2008-05-19,2008-05-29,Valley,Hemlock,3,1,Pitfall,Elateridae,33,1
2008-07-18,2008-07-28,Valley,Hemlock,3,4,Litter_sifting,Nitidulidae,55,1
2008-09-22,2008-10-02,Valley,Hemlock,3,5,Pitfall,Staphylinidae,50,1
2008-05-19,2008-05-29,Valley,Hemlock,3,1,Litter_sifting,Staphylinidae,51,1
2008-07-18,2008-07-28,Valley,Hemlock,3,2,Litter_sifting,Scarabaeidae,57,1
2008-07-18,2008-07-28,Valley,Hemlock,3,5,Litter_sifting,Ptilidae,68,29
2008-07-18,2008-07-28,Valley,Hemlock,3,5,Pitfall,Staphylinidae,126,3
2008-05-19,2008-05-29,Valley,Hemlock,3,4,Litter_sifting,Scydmaenidae,35,1
2008-07-18,2008-07-28,Valley,Hemlock,3,1,Pitfall,Staphylinidae,126,1
2008-09-22,2008-10-02,Valley,Hemlock,3,2,Litter_sifting,Carabidae,2,1
2008-09-22,2008-10-02,Valley,Hemlock,3,3,Litter_sifting,Staphylinidae,48,1
2008-05-19,2008-05-29,Valley,Hemlock,3,1,Pitfall,Staphylinidae,27,1
2008-05-19,2008-05-29,Valley,Hemlock,3,4,Litter_sifting,Staphylinidae,61,1
2008-07-18,2008-07-28,Valley,Hemlock,3,1,Litter_sifting,Ptilidae,68,35
2008-09-22,2008-10-02,Valley,Hemlock,3,5,Pitfall,Staphylinidae,133,2
2008-09-22,2008-10-02,Valley,Hemlock,3,2,Pitfall,Staphylinidae,133,1
2008-09-22,2008-10-02,Valley,Hemlock,3,2,Litter_sifting,Staphylinidae,48,1
2008-07-18,2008-07-28,Valley,Hemlock,3,1,Pitfall,Carabidae,17,1
2008-09-22,2008-10-02,Valley,Hemlock,3,4,Litter_sifting,Staphylinidae,48,1
2008-09-22,2008-10-02,Valley,Hemlock,3,5,Litter_sifting,Scaphidiidae,62,1
2008-07-18,2008-07-28,Valley,Hemlock,3,3,Pitfall,Staphylinidae,126,2
2008-07-18,2008-07-28,Valley,Hemlock,3,4,Pitfall,Staphylinidae,126,2
2008-07-18,2008-07-28,Valley,Hemlock,3,5,Pitfall,Carabidae,104,3
2008-07-18,2008-07-28,Valley,Hemlock,3,2,Pitfall,Staphylinidae,103,1
2008-07-18,2008-07-28,Valley,Hemlock,3,3,Litter_sifting,Carabidae,86,2
2008-07-18,2008-07-28,Valley,Hemlock,3,1,Litter_sifting,Carabidae,7,1
2008-07-18,2008-07-28,Valley,Hemlock,3,3,Pitfall,Scarabaeidae,101,1
2008-05-19,2008-05-29,Valley,Hemlock,3,3,Litter_sifting,Curculionidae,6,1
2008-05-19,2008-05-29,Valley,Hemlock,3,5,Pitfall,Carabidae,2,9
2008-07-18,2008-07-28,Valley,Hemlock,3,3,Litter_sifting,Elateridae,87,1
2008-07-18,2008-07-28,Valley,Hemlock,3,2,Litter_sifting,Tenebrionidae,89,1
2008-05-19,2008-05-29,Valley,Hemlock,3,3,Pitfall,Carabidae,2,9
2008-07-18,2008-07-28,Valley,Hemlock,3,2,Pitfall,Scarabaeidae,101,2
2008-07-18,2008-07-28,Valley,Hemlock,3,3,Pitfall,Carabidae,104,2
2008-07-18,2008-07-28,Valley,Hemlock,3,2,Pitfall,Nitidulidae,102,1
2008-07-18,2008-07-28,Valley,Hemlock,3,4,Pitfall,Nitidulidae,102,1
2008-05-19,2008-05-29,Valley,Hemlock,3,5,Pitfall,Staphylinidae,116,1
2008-09-22,2008-10-02,Valley,Hemlock,3,4,Litter_sifting,Scaphidiidae,93,1
2008-09-22,2008-10-02,Valley,Hemlock,3,2,Pitfall,Nitidulidae,102,1
2008-07-18,2008-07-28,Valley,Hemlock,3,5,Pitfall,Carabidae,106,1
2008-05-19,2008-05-29,Valley,Hemlock,3,4,Pitfall,Staphylinidae,4,1
2008-07-18,2008-07-28,Valley,Hemlock,3,1,Pitfall,Carabidae,106,1
2008-09-22,2008-10-02,Valley,Hemlock,3,5,Pitfall,Carabidae,2,1
2008-09-22,2008-10-02,Valley,Hemlock,3,2,Pitfall,Staphylinidae,121,1
2008-09-22,2008-10-02,Valley,Hemlock,3,1,Pitfall,Scarabaeidae,101,3
2008-09-22,2008-10-02,Valley,Hemlock,3,5,Litter_sifting,Leiodidae,83,1
2008-05-19,2008-05-29,Valley,Hemlock,3,5,Litter_sifting,Carabidae,2,1
2008-09-22,2008-10-02,Valley,Hemlock,3,4,Litter_sifting,Leiodidae,83,1
2008-09-22,2008-10-02,Valley,Hemlock,3,3,Pitfall,Scarabaeidae,101,1
2008-05-19,2008-05-29,Valley,Hemlock,3,2,Pitfall,Carabidae,2,8
2008-09-22,2008-10-02,Valley,Hemlock,3,1,Litter_sifting,Leiodidae,83,1
2008-05-19,2008-05-29,Valley,Hemlock,3,2,Litter_sifting,Carabidae,2,2
2008-07-18,2008-07-28,Valley,Hemlock,3,4,Pitfall,Carabidae,104,3
2008-05-19,2008-05-29,Valley,Hemlock,3,4,Pitfall,Carabidae,2,4
2008-09-22,2008-10-02,Valley,Hemlock,3,2,Pitfall,Carabidae,104,2
2008-09-22,2008-10-02,Valley,Hemlock,3,2,Pitfall,Scarabaeidae,101,3
2008-07-18,2008-07-28,Valley,Hemlock,3,1,Pitfall,Leiodidae,83,1
2008-05-19,2008-05-29,Valley,Hemlock,3,1,Pitfall,Curculionidae,6,1
2008-07-18,2008-07-28,Valley,Hemlock,3,2,Pitfall,Carabidae,104,1
2008-09-22,2008-10-02,Valley,Hemlock,3,4,Pitfall,Carabidae,106,1
2008-07-18,2008-07-28,Ridge,Logged,4,1,Pitfall,Carabidae,106,1
2008-09-22,2008-10-02,Ridge,Logged,4,4,Pitfall,Scarabaeidae,65,1
2008-05-19,2008-05-29,Ridge,Logged,4,2,Litter_sifting,Scarabaeidae,65,3
2008-07-18,2008-07-28,Ridge,Logged,4,3,Pitfall,Scarabaeidae,101,1
2008-07-18,2008-07-28,Ridge,Logged,4,1,Litter_sifting,Ptilidae,68,4
2008-09-22,2008-10-02,Ridge,Logged,4,2,Pitfall,Staphylinidae,126,1
2008-05-19,2008-05-29,Ridge,Logged,4,2,Pitfall,Staphylinidae,27,1
2008-09-22,2008-10-02,Ridge,Logged,4,2,Litter_sifting,Scydmaenidae,35,2
2008-05-19,2008-05-29,Ridge,Logged,4,4,Pitfall,Silphidae,26,1
2008-07-18,2008-07-28,Ridge,Logged,4,1,Pitfall,Scarabaeidae,101,2
2008-05-19,2008-05-29,Ridge,Logged,4,5,Litter_sifting,Lampyridae,16,1
2008-09-22,2008-10-02,Ridge,Logged,4,4,Litter_sifting,Nitidulidae,55,1
2008-09-22,2008-10-02,Ridge,Logged,4,5,Litter_sifting,Carabidae,24,1
2008-07-18,2008-07-28,Ridge,Logged,4,1,Pitfall,Carabidae,104,2
2008-05-19,2008-05-29,Ridge,Logged,4,3,Pitfall,Carabidae,24,1
2008-07-18,2008-07-28,Ridge,Logged,4,5,Litter_sifting,Carabidae,24,1
2008-05-19,2008-05-29,Ridge,Logged,4,3,Pitfall,Carabidae,104,1
2008-07-18,2008-07-28,Ridge,Logged,4,3,Pitfall,Carabidae,24,1
2008-07-18,2008-07-28,Ridge,Logged,4,3,Litter_sifting,Carabidae,24,2
2008-05-19,2008-05-29,Ridge,Logged,4,2,Litter_sifting,Ptilidae,23,6
2008-09-22,2008-10-02,Ridge,Logged,4,1,Pitfall,Carabidae,104,2
2008-07-18,2008-07-28,Ridge,Logged,4,5,Litter_sifting,Nitidulidae,55,1
2008-05-19,2008-05-29,Ridge,Logged,4,5,Pitfall,Curculionidae,6,1
2008-07-18,2008-07-28,Ridge,Logged,4,3,Pitfall,Carabidae,104,1
2008-07-18,2008-07-28,Ridge,Logged,4,2,Pitfall,Scarabaeidae,101,2
2008-07-18,2008-07-28,Ridge,Logged,4,2,Litter_sifting,Carabidae,24,2
2008-07-18,2008-07-28,Ridge,Logged,4,2,Pitfall,Carabidae,24,2
2008-07-18,2008-07-28,Ridge,Logged,4,4,Pitfall,Carabidae,104,1
2008-07-18,2008-07-28,Ridge,Logged,4,5,Pitfall,Carabidae,104,2
2008-05-19,2008-05-29,Ridge,Logged,4,2,Litter_sifting,Carabidae,59,1
2008-07-18,2008-07-28,Ridge,Logged,4,4,Pitfall,Staphylinidae,126,1
2008-05-19,2008-05-29,Ridge,Logged,4,3,Litter_sifting,Scarabaeidae,19,1
2008-05-19,2008-05-29,Ridge,Logged,4,3,Litter_sifting,Staphylinidae,4,4
2008-07-18,2008-07-28,Ridge,Logged,4,4,Litter_sifting,Carabidae,24,2
2008-05-19,2008-05-29,Ridge,Logged,4,3,Litter_sifting,Carabidae,24,5
2008-07-18,2008-07-28,Ridge,Logged,4,5,Litter_sifting,Carabidae,69,1
2008-07-18,2008-07-28,Ridge,Logged,4,2,Pitfall,Mordellidae,111,1
2008-07-18,2008-07-28,Ridge,Logged,4,3,Pitfall,Staphylinidae,109,2
2008-05-19,2008-05-29,Ridge,Logged,4,1,Pitfall,Carabidae,2,1
2008-07-18,2008-07-28,Ridge,Logged,4,4,Pitfall,Scarabaeidae,110,1
2008-05-19,2008-05-29,Ridge,Logged,4,2,Pitfall,Staphylinidae,136,1
2008-09-22,2008-10-02,Ridge,Logged,4,2,Pitfall,Staphylinidae,50,2
2008-07-18,2008-07-28,Ridge,Logged,4,1,Pitfall,Staphylinidae,126,2
2008-05-19,2008-05-29,Ridge,Logged,4,4,Pitfall,Staphylinidae,50,1
2008-07-18,2008-07-28,Ridge,Logged,4,3,Pitfall,Scarabaeidae,110,4
2008-05-19,2008-05-29,Ridge,Logged,4,3,Pitfall,Carabidae,2,10
2008-05-19,2008-05-29,Ridge,Logged,4,2,Litter_sifting,Curculionidae,12,1
2008-05-19,2008-05-29,Ridge,Logged,4,2,Pitfall,Staphylinidae,3,2
2008-05-19,2008-05-29,Ridge,Logged,4,3,Litter_sifting,Elateridae,40,1
2008-07-18,2008-07-28,Ridge,Logged,4,1,Litter_sifting,Throscidae,42,1
2008-05-19,2008-05-29,Ridge,Logged,4,2,Pitfall,Carabidae,2,9
2008-05-19,2008-05-29,Ridge,Logged,4,1,Litter_sifting,Scydmaenidae,35,2
2008-05-19,2008-05-29,Ridge,Logged,4,1,Pitfall,Carabidae,1,1
2008-05-19,2008-05-29,Ridge,Logged,4,5,Litter_sifting,Carabidae,2,1
2008-07-18,2008-07-28,Ridge,Logged,4,1,Litter_sifting,Leiodidae,83,1
2008-09-22,2008-10-02,Ridge,Logged,4,4,Litter_sifting,Latridiidae,77,1
2008-05-19,2008-05-29,Ridge,Logged,4,3,Litter_sifting,Elateridae,39,1
2008-05-19,2008-05-29,Ridge,Logged,4,5,Pitfall,Scydmaenidae,35,1
2008-05-19,2008-05-29,Ridge,Logged,4,2,Litter_sifting,Carabidae,9,1
2008-05-19,2008-05-29,Ridge,Logged,4,2,Litter_sifting,Carabidae,2,1
2008-05-19,2008-05-29,Ridge,Logged,4,5,Litter_sifting,Staphylinidae,82,1
2008-05-19,2008-05-29,Ridge,Logged,4,2,Pitfall,Staphylinidae,137,1
2008-05-19,2008-05-29,Ridge,Logged,4,5,Pitfall,Staphylinidae,116,1
2008-05-19,2008-05-29,Ridge,Logged,4,2,Pitfall,Staphylinidae,13,5
2008-07-18,2008-07-28,Ridge,Logged,4,5,Pitfall,Staphylinidae,126,4
2008-09-22,2008-10-02,Ridge,Logged,4,1,Pitfall,Silphidae,100,1
2008-07-18,2008-07-28,Ridge,Logged,4,3,Litter_sifting,Scydmaenidae,35,1
2008-05-19,2008-05-29,Ridge,Logged,4,3,Litter_sifting,Throscidae,42,1
2008-07-18,2008-07-28,Ridge,Logged,4,5,Pitfall,Silphidae,100,1
2008-07-18,2008-07-28,Ridge,Logged,4,2,Litter_sifting,Staphylinidae,71,1
2008-09-22,2008-10-02,Ridge,Logged,4,4,Litter_sifting,Curculionidae,12,1
2008-07-18,2008-07-28,Ridge,Logged,4,4,Pitfall,Carabidae,14,1
2008-07-18,2008-07-28,Ridge,Logged,4,1,Pitfall,Staphylinidae,71,1
2008-07-18,2008-07-28,Ridge,Logged,4,2,Pitfall,Carabidae,104,1
2008-05-19,2008-05-29,Ridge,Logged,4,1,Litter_sifting,Curculionidae,12,1
2008-07-18,2008-07-28,Ridge,Logged,4,3,Pitfall,Staphylinidae,126,1
2008-05-19,2008-05-29,Ridge,Logged,4,3,Litter_sifting,Scydmaenidae,35,1
2008-05-19,2008-05-29,Ridge,Logged,4,3,Pitfall,Staphylinidae,13,2
2008-05-19,2008-05-29,Ridge,Girdled,5,5,Pitfall,Carabidae,1,4
2008-05-19,2008-05-29,Ridge,Girdled,5,4,Pitfall,Staphylinidae,3,1
2008-09-22,2008-10-02,Ridge,Girdled,5,1,Pitfall,Scydmaenidae,35,1
2008-07-18,2008-07-28,Ridge,Girdled,5,1,Litter_sifting,Scydmaenidae,35,1
2008-07-18,2008-07-28,Ridge,Girdled,5,4,Litter_sifting,Elateridae,34,1
2008-07-18,2008-07-28,Ridge,Girdled,5,2,Pitfall,Carabidae,106,1
2008-09-22,2008-10-02,Ridge,Girdled,5,5,Litter_sifting,Scaphidiidae,62,1
2008-05-19,2008-05-29,Ridge,Girdled,5,4,Litter_sifting,Scydmaenidae,35,2
2008-05-19,2008-05-29,Ridge,Girdled,5,2,Pitfall,Carabidae,1,1
2008-07-18,2008-07-28,Ridge,Girdled,5,3,Pitfall,Staphylinidae,119,2
2008-07-18,2008-07-28,Ridge,Girdled,5,5,Pitfall,Carabidae,104,1
2008-05-19,2008-05-29,Ridge,Girdled,5,3,Litter_sifting,Elateridae,52,1
2008-05-19,2008-05-29,Ridge,Girdled,5,3,Pitfall,Carabidae,1,1
2008-07-18,2008-07-28,Ridge,Girdled,5,2,Litter_sifting,Scydmaenidae,35,1
2008-05-19,2008-05-29,Ridge,Girdled,5,3,Pitfall,Staphylinidae,3,5
2008-05-19,2008-05-29,Ridge,Girdled,5,5,Litter_sifting,Carabidae,47,1
2008-05-19,2008-05-29,Ridge,Girdled,5,1,Litter_sifting,Elateridae,34,1
2008-05-19,2008-05-29,Ridge,Girdled,5,2,Litter_sifting,Carabidae,47,1
2008-05-19,2008-05-29,Ridge,Girdled,5,4,Litter_sifting,Elateridae,34,1
2008-07-18,2008-07-28,Ridge,Girdled,5,1,Litter_sifting,Nitidulidae,55,2
2008-05-19,2008-05-29,Ridge,Girdled,5,3,Pitfall,Staphylinidae,4,1
2008-07-18,2008-07-28,Ridge,Girdled,5,3,Pitfall,Carabidae,104,1
2008-05-19,2008-05-29,Ridge,Girdled,5,5,Pitfall,Carabidae,2,5
2008-09-22,2008-10-02,Ridge,Girdled,5,1,Litter_sifting,Carabidae,47,1
2008-05-19,2008-05-29,Ridge,Girdled,5,2,Pitfall,Scydmaenidae,35,1
2008-07-18,2008-07-28,Ridge,Girdled,5,1,Pitfall,Carabidae,104,1
2008-07-18,2008-07-28,Ridge,Girdled,5,2,Litter_sifting,Chrysomelidae,90,1
2008-07-18,2008-07-28,Ridge,Girdled,5,2,Pitfall,Carabidae,14,1
2008-05-19,2008-05-29,Ridge,Girdled,5,1,Litter_sifting,Scarabaeidae,19,1
2008-07-18,2008-07-28,Ridge,Girdled,5,4,Litter_sifting,Carabidae,69,1
2008-07-18,2008-07-28,Ridge,Girdled,5,2,Litter_sifting,Staphylinidae,11,1
2008-07-18,2008-07-28,Ridge,Girdled,5,4,Litter_sifting,Throscidae,42,1
2008-09-22,2008-10-02,Ridge,Girdled,5,2,Litter_sifting,Throscidae,42,1
2008-07-18,2008-07-28,Ridge,Girdled,5,1,Litter_sifting,Curculionidae,12,2
2008-07-18,2008-07-28,Ridge,Girdled,5,5,Litter_sifting,Curculionidae,12,2
2008-07-18,2008-07-28,Ridge,Girdled,5,3,Litter_sifting,Curculionidae,12,2
2008-05-19,2008-05-29,Ridge,Girdled,5,2,Litter_sifting,Curculionidae,12,1
2008-07-18,2008-07-28,Ridge,Girdled,5,4,Litter_sifting,Staphylinidae,72,1
2008-07-18,2008-07-28,Ridge,Girdled,5,2,Pitfall,Staphylinidae,126,3
2008-07-18,2008-07-28,Ridge,Girdled,5,4,Pitfall,Carabidae,104,2
2008-07-18,2008-07-28,Ridge,Girdled,5,1,Pitfall,Staphylinidae,72,1
2008-07-18,2008-07-28,Ridge,Girdled,5,1,Pitfall,Staphylinidae,126,4
2008-07-18,2008-07-28,Ridge,Girdled,5,2,Litter_sifting,Curculionidae,12,2
2008-09-22,2008-10-02,Ridge,Girdled,5,3,Litter_sifting,Curculionidae,12,1
2008-09-22,2008-10-02,Ridge,Girdled,5,4,Litter_sifting,Curculionidae,12,3
2008-05-19,2008-05-29,Ridge,Girdled,5,2,Pitfall,Carabidae,2,2
2008-05-19,2008-05-29,Ridge,Girdled,5,4,Pitfall,Carabidae,2,4
2008-05-19,2008-05-29,Ridge,Girdled,5,3,Pitfall,Carabidae,9,1
2008-07-18,2008-07-28,Ridge,Girdled,5,1,Pitfall,Nitidulidae,123,1
2008-07-18,2008-07-28,Ridge,Girdled,5,1,Pitfall,Cerambycidae,112,1
2008-05-19,2008-05-29,Ridge,Girdled,5,1,Litter_sifting,Carabidae,9,1
2008-07-18,2008-07-28,Ridge,Girdled,5,2,Pitfall,Staphylinidae,10,1
2008-05-19,2008-05-29,Ridge,Girdled,5,1,Pitfall,Carabidae,2,1
2008-07-18,2008-07-28,Ridge,Girdled,5,2,Pitfall,Nitidulidae,123,1
2008-07-18,2008-07-28,Ridge,Girdled,5,4,Pitfall,Staphylinidae,72,1
2008-05-19,2008-05-29,Ridge,Girdled,5,3,Pitfall,Carabidae,2,3
2008-05-19,2008-05-29,Ridge,Girdled,5,4,Pitfall,Carabidae,1,1
2008-05-19,2008-05-29,Ridge,Girdled,5,1,Litter_sifting,Curculionidae,46,1
2008-05-19,2008-05-29,Ridge,Girdled,5,5,Pitfall,Carabidae,9,1
2008-05-19,2008-05-29,Ridge,Girdled,5,4,Litter_sifting,Staphylinidae,58,1
2008-07-18,2008-07-28,Ridge,Girdled,5,3,Litter_sifting,Staphylinidae,58,3
2008-05-19,2008-05-29,Ridge,Girdled,5,5,Litter_sifting,Curculionidae,46,1
2008-05-19,2008-05-29,Ridge,Girdled,5,2,Litter_sifting,Carabidae,59,1
2008-05-19,2008-05-29,Ridge,Girdled,5,4,Litter_sifting,Staphylinidae,61,1
2008-05-19,2008-05-29,Ridge,Girdled,5,4,Litter_sifting,Scaphidiidae,62,2
2008-07-18,2008-07-28,Ridge,Girdled,5,3,Litter_sifting,Carabidae,69,1
2008-07-18,2008-07-28,Ridge,Girdled,5,5,Pitfall,Staphylinidae,126,1
2008-07-18,2008-07-28,Ridge,Girdled,5,5,Litter_sifting,Ptilidae,68,34
2008-05-19,2008-05-29,Ridge,Girdled,5,5,Litter_sifting,Scydmaenidae,35,1
2008-05-19,2008-05-29,Ridge,Girdled,5,5,Litter_sifting,Lampyridae,16,1
2008-07-18,2008-07-28,Ridge,Girdled,5,4,Litter_sifting,Ptilidae,68,13
2008-07-18,2008-07-28,Ridge,Girdled,5,3,Litter_sifting,Ptilidae,68,28
2008-05-19,2008-05-29,Ridge,Girdled,5,4,Litter_sifting,Elateridae,63,1
2008-05-19,2008-05-29,Ridge,Girdled,5,3,Litter_sifting,Chrysomelidae,64,1
2008-05-19,2008-05-29,Ridge,Girdled,5,4,Pitfall,Carabidae,17,1
2008-07-18,2008-07-28,Ridge,Girdled,5,2,Litter_sifting,Chrysomelidae,64,1
2008-09-22,2008-10-02,Ridge,Girdled,5,5,Litter_sifting,Ptilidae,68,1
2008-05-19,2008-05-29,Ridge,Hemlock,6,4,Litter_sifting,Scydmaenidae,35,9
2008-07-18,2008-07-28,Ridge,Hemlock,6,1,Litter_sifting,Scydmaenidae,35,4
2008-09-22,2008-10-02,Ridge,Hemlock,6,4,Litter_sifting,Scydmaenidae,35,1
2008-07-18,2008-07-28,Ridge,Hemlock,6,3,Litter_sifting,Carabidae,2,1
2008-05-19,2008-05-29,Ridge,Hemlock,6,1,Litter_sifting,Staphylinidae,38,1
2008-09-22,2008-10-02,Ridge,Hemlock,6,4,Pitfall,Carabidae,2,3
2008-07-18,2008-07-28,Ridge,Hemlock,6,4,Litter_sifting,Scydmaenidae,35,1
2008-07-18,2008-07-28,Ridge,Hemlock,6,5,Litter_sifting,Scydmaenidae,35,1
2008-07-18,2008-07-28,Ridge,Hemlock,6,2,Litter_sifting,Scydmaenidae,35,9
2008-07-18,2008-07-28,Ridge,Hemlock,6,4,Pitfall,Carabidae,8,1
2008-07-18,2008-07-28,Ridge,Hemlock,6,3,Pitfall,Carabidae,2,1
2008-07-18,2008-07-28,Ridge,Hemlock,6,3,Litter_sifting,Carabidae,7,1
2008-05-19,2008-05-29,Ridge,Hemlock,6,1,Litter_sifting,Carabidae,7,2
2008-05-19,2008-05-29,Ridge,Hemlock,6,2,Pitfall,Carabidae,17,2
2008-09-22,2008-10-02,Ridge,Hemlock,6,4,Litter_sifting,Carabidae,2,1
2008-09-22,2008-10-02,Ridge,Hemlock,6,1,Litter_sifting,Carabidae,2,1
2008-07-18,2008-07-28,Ridge,Hemlock,6,5,Pitfall,Staphylinidae,13,1
2008-05-19,2008-05-29,Ridge,Hemlock,6,2,Pitfall,Carabidae,7,3
2008-09-22,2008-10-02,Ridge,Hemlock,6,4,Litter_sifting,Carabidae,7,1
2008-07-18,2008-07-28,Ridge,Hemlock,6,1,Pitfall,Carabidae,8,3
2008-09-22,2008-10-02,Ridge,Hemlock,6,3,Litter_sifting,Carabidae,7,2
2008-07-18,2008-07-28,Ridge,Hemlock,6,2,Pitfall,Carabidae,8,3
2008-07-18,2008-07-28,Ridge,Hemlock,6,3,Pitfall,Carabidae,8,1
2008-05-19,2008-05-29,Ridge,Hemlock,6,5,Pitfall,Carabidae,2,1
2008-09-22,2008-10-02,Ridge,Hemlock,6,3,Litter_sifting,Curculionidae,12,7
2008-07-18,2008-07-28,Ridge,Hemlock,6,3,Litter_sifting,Staphylinidae,11,1
2008-05-19,2008-05-29,Ridge,Hemlock,6,1,Pitfall,Carabidae,2,4
2008-07-18,2008-07-28,Ridge,Hemlock,6,4,Litter_sifting,Staphylinidae,49,1
2008-07-18,2008-07-28,Ridge,Hemlock,6,2,Pitfall,Staphylinidae,10,3
2008-05-19,2008-05-29,Ridge,Hemlock,6,2,Pitfall,Carabidae,2,6
2008-05-19,2008-05-29,Ridge,Hemlock,6,1,Pitfall,Staphylinidae,3,1
2008-09-22,2008-10-02,Ridge,Hemlock,6,1,Pitfall,Carabidae,2,1
2008-05-19,2008-05-29,Ridge,Hemlock,6,2,Litter_sifting,Carabidae,2,1
2008-05-19,2008-05-29,Ridge,Hemlock,6,5,Litter_sifting,Scydmaenidae,35,9
2008-05-19,2008-05-29,Ridge,Hemlock,6,3,Litter_sifting,Scydmaenidae,35,4
2008-09-22,2008-10-02,Ridge,Hemlock,6,3,Pitfall,Carabidae,2,1
2008-09-22,2008-10-02,Ridge,Hemlock,6,3,Litter_sifting,Scydmaenidae,35,1
2008-05-19,2008-05-29,Ridge,Hemlock,6,2,Pitfall,Staphylinidae,3,2
2008-05-19,2008-05-29,Ridge,Hemlock,6,5,Pitfall,Carabidae,1,1
2008-07-18,2008-07-28,Ridge,Hemlock,6,3,Pitfall,Carabidae,7,1
2008-05-19,2008-05-29,Ridge,Hemlock,6,4,Pitfall,Carabidae,2,3
2008-05-19,2008-05-29,Ridge,Hemlock,6,1,Litter_sifting,Scydmaenidae,35,1
2008-07-18,2008-07-28,Ridge,Hemlock,6,1,Pitfall,Staphylinidae,27,1
2008-05-19,2008-05-29,Ridge,Hemlock,6,5,Pitfall,Staphylinidae,4,1
2008-05-19,2008-05-29,Ridge,Hemlock,6,4,Pitfall,Curculionidae,6,1
2008-05-19,2008-05-29,Ridge,Hemlock,6,4,Pitfall,Ptilidae,23,1
2008-07-18,2008-07-28,Ridge,Hemlock,6,5,Pitfall,Carabidae,22,2
2008-05-19,2008-05-29,Ridge,Hemlock,6,5,Litter_sifting,Carabidae,7,1
2008-09-22,2008-10-02,Ridge,Hemlock,6,5,Litter_sifting,Carabidae,7,1
2008-09-22,2008-10-02,Ridge,Hemlock,6,2,Litter_sifting,Carabidae,7,2
2008-05-19,2008-05-29,Ridge,Hemlock,6,5,Pitfall,Staphylinidae,3,4
2008-09-22,2008-10-02,Ridge,Hemlock,6,2,Pitfall,Staphylinidae,121,1
2008-09-22,2008-10-02,Ridge,Hemlock,6,3,Pitfall,Carabidae,106,1
2008-07-18,2008-07-28,Ridge,Hemlock,6,5,Litter_sifting,Ptilidae,68,150
2008-07-18,2008-07-28,Ridge,Hemlock,6,2,Pitfall,Carabidae,106,1
2008-09-22,2008-10-02,Ridge,Hemlock,6,2,Litter_sifting,Chrysomelidae,64,1
2008-07-18,2008-07-28,Ridge,Hemlock,6,5,Litter_sifting,Scaphidiidae,62,1
2008-07-18,2008-07-28,Ridge,Hemlock,6,3,Litter_sifting,Carabidae,59,2
2008-05-19,2008-05-29,Ridge,Hemlock,6,2,Litter_sifting,Carabidae,59,5
2008-05-19,2008-05-29,Ridge,Hemlock,6,1,Litter_sifting,Carabidae,59,1
2008-05-19,2008-05-29,Ridge,Hemlock,6,1,Litter_sifting,Staphylinidae,58,1
2008-09-22,2008-10-02,Ridge,Hemlock,6,5,Pitfall,Staphylinidae,121,1
2008-07-18,2008-07-28,Ridge,Hemlock,6,3,Litter_sifting,Staphylinidae,49,1
2008-07-18,2008-07-28,Ridge,Hemlock,6,3,Litter_sifting,Nitidulidae,55,1
2008-07-18,2008-07-28,Ridge,Hemlock,6,2,Pitfall,Carabidae,104,1
2008-07-18,2008-07-28,Ridge,Hemlock,6,4,Pitfall,Nitidulidae,123,1
2008-05-19,2008-05-29,Ridge,Hemlock,6,4,Litter_sifting,Staphylinidae,51,1
2008-07-18,2008-07-28,Ridge,Hemlock,6,5,Pitfall,Staphylinidae,51,1
2008-05-19,2008-05-29,Ridge,Hemlock,6,5,Litter_sifting,Staphylinidae,51,1
2008-07-18,2008-07-28,Ridge,Hemlock,6,3,Pitfall,Nitidulidae,123,1
2008-07-18,2008-07-28,Ridge,Hemlock,6,5,Pitfall,Staphylinidae,126,3
2008-07-18,2008-07-28,Ridge,Hemlock,6,2,Litter_sifting,Staphylinidae,126,1
2008-07-18,2008-07-28,Ridge,Hemlock,6,3,Pitfall,Staphylinidae,126,4
2008-07-18,2008-07-28,Ridge,Hemlock,6,1,Pitfall,Staphylinidae,126,1
2008-07-18,2008-07-28,Ridge,Hemlock,6,4,Pitfall,Staphylinidae,126,4
2008-09-22,2008-10-02,Ridge,Hemlock,6,3,Litter_sifting,Nitidulidae,55,10
2008-07-18,2008-07-28,Ridge,Hemlock,6,3,Pitfall,Carabidae,75,1
2008-09-22,2008-10-02,Ridge,Hemlock,6,5,Pitfall,Scarabaeidae,101,1
2008-09-22,2008-10-02,Ridge,Hemlock,6,2,Litter_sifting,Nitidulidae,94,1
2008-09-22,2008-10-02,Ridge,Hemlock,6,3,Litter_sifting,Scaphidiidae,93,1
2008-09-22,2008-10-02,Ridge,Hemlock,6,5,Pitfall,Leiodidae,92,1
2008-09-22,2008-10-02,Ridge,Hemlock,6,1,Litter_sifting,Leiodidae,92,2
2008-07-18,2008-07-28,Ridge,Hemlock,6,5,Pitfall,Carabidae,86,1
2008-09-22,2008-10-02,Ridge,Hemlock,6,1,Litter_sifting,Curculionidae,85,1
2008-07-18,2008-07-28,Ridge,Hemlock,6,2,Litter_sifting,Leiodidae,83,1
2008-09-22,2008-10-02,Ridge,Hemlock,6,2,Litter_sifting,Staphylinidae,82,1
2008-07-18,2008-07-28,Ridge,Hemlock,6,4,Pitfall,Carabidae,75,1
2008-07-18,2008-07-28,Ridge,Hemlock,6,2,Litter_sifting,Ptilidae,68,125
2008-07-18,2008-07-28,Ridge,Hemlock,6,1,Litter_sifting,Carabidae,75,1
2008-07-18,2008-07-28,Ridge,Hemlock,6,5,Pitfall,Carabidae,106,2
2008-07-18,2008-07-28,Ridge,Hemlock,6,5,Pitfall,Carabidae,104,2
2008-09-22,2008-10-02,Ridge,Hemlock,6,1,Pitfall,Carabidae,104,1
2008-07-18,2008-07-28,Ridge,Hemlock,6,4,Pitfall,Carabidae,104,4
2008-07-18,2008-07-28,Ridge,Hemlock,6,5,Pitfall,Staphylinidae,72,1
2008-07-18,2008-07-28,Ridge,Hemlock,6,1,Pitfall,Carabidae,104,2
2008-07-18,2008-07-28,Ridge,Hemlock,6,4,Pitfall,Staphylinidae,72,1
2008-09-22,2008-10-02,Ridge,Hemlock,6,2,Pitfall,Carabidae,104,1
2008-07-18,2008-07-28,Ridge,Hemlock,6,4,Litter_sifting,Staphylinidae,71,1
2008-07-18,2008-07-28,Ridge,Hemlock,6,3,Pitfall,Carabidae,104,2
2008-07-18,2008-07-28,Ridge,Hemlock,6,3,Litter_sifting,Carabidae,104,1
2008-07-18,2008-07-28,Ridge,Hemlock,6,4,Pitfall,Leiodidae,107,1
2008-07-18,2008-07-28,Ridge,Hemlock,6,1,Pitfall,Carabidae,75,1
2008-05-19,2008-05-29,Ridge,Hemlock,6,2,Litter_sifting,Throscidae,42,1
2008-05-19,2008-05-29,Ridge,Hemlock,6,2,Litter_sifting,Staphylinidae,48,1
2008-05-19,2008-05-29,Ridge,Hemlock,6,1,Litter_sifting,Staphylinidae,48,1
2008-05-19,2008-05-29,Ridge,Hemlock,6,3,Litter_sifting,Scarabaeidae,44,1
2008-09-22,2008-10-02,Ridge,Hemlock,6,2,Litter_sifting,Staphylinidae,49,3
2008-05-19,2008-05-29,Ridge,Hemlock,6,3,Litter_sifting,Throscidae,42,1
2008-05-19,2008-05-29,Ridge,Hemlock,6,4,Litter_sifting,Throscidae,42,1
2008-09-22,2008-10-02,Ridge,Hemlock,6,4,Litter_sifting,Throscidae,42,1
2008-07-18,2008-07-28,Ridge,Hemlock,6,1,Litter_sifting,Ptilidae,68,100
2008-05-19,2008-05-29,Ridge,Hemlock,6,1,Litter_sifting,Staphylinidae,49,1
2008-09-22,2008-10-02,Ridge,Hemlock,6,2,Litter_sifting,Carabidae,47,2
2008-07-18,2008-07-28,Ridge,Hardwood,7,4,Pitfall,Carabidae,104,2
2008-07-18,2008-07-28,Ridge,Hardwood,7,4,Pitfall,Carabidae,106,1
2008-07-18,2008-07-28,Ridge,Hardwood,7,3,Pitfall,Carabidae,75,1
2008-09-22,2008-10-02,Ridge,Hardwood,7,4,Litter_sifting,Staphylinidae,38,2
2008-07-18,2008-07-28,Ridge,Hardwood,7,4,Pitfall,Carabidae,104,1
2008-07-18,2008-07-28,Ridge,Hardwood,7,4,Litter_sifting,Staphylinidae,49,1
2008-05-19,2008-05-29,Ridge,Hardwood,7,5,Pitfall,Staphylinidae,3,1
2008-05-19,2008-05-29,Ridge,Hardwood,7,5,Pitfall,Staphylinidae,4,1
2008-09-22,2008-10-02,Ridge,Hardwood,7,3,Pitfall,Carabidae,106,2
2008-07-18,2008-07-28,Ridge,Hardwood,7,3,Pitfall,Carabidae,104,2
2008-05-19,2008-05-29,Ridge,Hardwood,7,2,Litter_sifting,Curculionidae,12,1
2008-07-18,2008-07-28,Ridge,Hardwood,7,2,Litter_sifting,Ptilidae,68,80
2008-05-19,2008-05-29,Ridge,Hardwood,7,5,Pitfall,Chrysomelidae,5,1
2008-09-22,2008-10-02,Ridge,Hardwood,7,5,Litter_sifting,Curculionidae,12,4
2008-07-18,2008-07-28,Ridge,Hardwood,7,2,Litter_sifting,Scarabaeidae,44,2
2008-05-19,2008-05-29,Ridge,Hardwood,7,3,Litter_sifting,Scarabaeidae,44,1
2008-09-22,2008-10-02,Ridge,Hardwood,7,3,Litter_sifting,Curculionidae,12,9
2008-07-18,2008-07-28,Ridge,Hardwood,7,1,Pitfall,Carabidae,104,1
2008-07-18,2008-07-28,Ridge,Hardwood,7,2,Pitfall,Staphylinidae,72,1
2008-05-19,2008-05-29,Ridge,Hardwood,7,2,Pitfall,Carabidae,2,4
2008-07-18,2008-07-28,Ridge,Hardwood,7,3,Pitfall,Staphylinidae,126,7
2008-07-18,2008-07-28,Ridge,Hardwood,7,4,Pitfall,Staphylinidae,126,9
2008-05-19,2008-05-29,Ridge,Hardwood,7,2,Litter_sifting,Scydmaenidae,35,4
2008-07-18,2008-07-28,Ridge,Hardwood,7,4,Litter_sifting,Curculionidae,12,2
2008-05-19,2008-05-29,Ridge,Hardwood,7,5,Pitfall,Carabidae,2,3
2008-09-22,2008-10-02,Ridge,Hardwood,7,1,Pitfall,Carabidae,75,1
2008-05-19,2008-05-29,Ridge,Hardwood,7,1,Pitfall,Carabidae,1,3
2008-05-19,2008-05-29,Ridge,Hardwood,7,2,Litter_sifting,Curculionidae,45,1
2008-05-19,2008-05-29,Ridge,Hardwood,7,3,Litter_sifting,Carabidae,2,2
2008-09-22,2008-10-02,Ridge,Hardwood,7,2,Litter_sifting,Scydmaenidae,35,1
2008-07-18,2008-07-28,Ridge,Hardwood,7,5,Litter_sifting,Staphylinidae,72,3
2008-07-18,2008-07-28,Ridge,Hardwood,7,2,Pitfall,Carabidae,104,2
2008-07-18,2008-07-28,Ridge,Hardwood,7,2,Litter_sifting,Curculionidae,12,1
2008-05-19,2008-05-29,Ridge,Hardwood,7,2,Litter_sifting,Scarabaeidae,44,3
2008-05-19,2008-05-29,Ridge,Hardwood,7,4,Pitfall,Staphylinidae,3,2
2008-07-18,2008-07-28,Ridge,Hardwood,7,1,Pitfall,Staphylinidae,129,1
2008-05-19,2008-05-29,Ridge,Hardwood,7,2,Pitfall,Carabidae,7,3
2008-07-18,2008-07-28,Ridge,Hardwood,7,4,Pitfall,Curculionidae,6,2
2008-07-18,2008-07-28,Ridge,Hardwood,7,3,Litter_sifting,Curculionidae,88,1
2008-09-22,2008-10-02,Ridge,Hardwood,7,3,Litter_sifting,Carabidae,7,2
2008-05-19,2008-05-29,Ridge,Hardwood,7,5,Litter_sifting,Staphylinidae,38,2
2008-09-22,2008-10-02,Ridge,Hardwood,7,5,Litter_sifting,Staphylinidae,95,1
2008-07-18,2008-07-28,Ridge,Hardwood,7,4,Pitfall,Carabidae,8,1
2008-05-19,2008-05-29,Ridge,Hardwood,7,3,Pitfall,Carabidae,8,1
2008-09-22,2008-10-02,Ridge,Hardwood,7,4,Litter_sifting,Curculionidae,96,1
2008-05-19,2008-05-29,Ridge,Hardwood,7,4,Litter_sifting,Scarabaeidae,44,1
2008-05-19,2008-05-29,Ridge,Hardwood,7,2,Litter_sifting,Carabidae,7,2
2008-09-22,2008-10-02,Ridge,Hardwood,7,2,Litter_sifting,Curculionidae,85,1
2008-09-22,2008-10-02,Ridge,Hardwood,7,1,Litter_sifting,Curculionidae,97,1
2008-07-18,2008-07-28,Ridge,Hardwood,7,4,Pitfall,Scarabaeidae,101,2
2008-09-22,2008-10-02,Ridge,Hardwood,7,4,Litter_sifting,Carabidae,7,5
2008-05-19,2008-05-29,Ridge,Hardwood,7,5,Pitfall,Carabidae,1,4
2008-09-22,2008-10-02,Ridge,Hardwood,7,5,Litter_sifting,Carabidae,7,1
2008-09-22,2008-10-02,Ridge,Hardwood,7,1,Litter_sifting,Carabidae,7,2
2008-07-18,2008-07-28,Ridge,Hardwood,7,4,Pitfall,Scarabaeidae,101,2
2008-07-18,2008-07-28,Ridge,Hardwood,7,3,Pitfall,Scarabaeidae,101,1
2008-07-18,2008-07-28,Ridge,Hardwood,7,3,Pitfall,Nitidulidae,102,1
2008-05-19,2008-05-29,Ridge,Hardwood,7,4,Litter_sifting,Carabidae,7,1
2008-05-19,2008-05-29,Ridge,Hardwood,7,5,Pitfall,Curculionidae,6,1
2008-09-22,2008-10-02,Ridge,Hardwood,7,2,Litter_sifting,Ptilidae,68,4
2008-09-22,2008-10-02,Ridge,Hardwood,7,3,Pitfall,Carabidae,104,3
2008-05-19,2008-05-29,Ridge,Hardwood,7,4,Pitfall,Staphylinidae,13,1
2008-05-19,2008-05-29,Ridge,Hardwood,7,1,Litter_sifting,Staphylinidae,11,1
2008-07-18,2008-07-28,Ridge,Hardwood,7,5,Litter_sifting,Carabidae,104,1
2008-05-19,2008-05-29,Ridge,Hardwood,7,1,Litter_sifting,Bostrichidae,36,12
2008-07-18,2008-07-28,Ridge,Hardwood,7,2,Litter_sifting,Carabidae,75,1
2008-07-18,2008-07-28,Ridge,Hardwood,7,4,Litter_sifting,Curculionidae,85,1
2008-09-22,2008-10-02,Ridge,Hardwood,7,4,Pitfall,Nitidulidae,102,1
2008-09-22,2008-10-02,Ridge,Hardwood,7,4,Litter_sifting,Curculionidae,12,12
2008-07-18,2008-07-28,Ridge,Hardwood,7,1,Pitfall,Latridiidae,77,1
2008-05-19,2008-05-29,Ridge,Hardwood,7,5,Litter_sifting,Carabidae,7,1
2008-07-18,2008-07-28,Ridge,Hardwood,7,2,Litter_sifting,Elateridae,79,1
2008-07-18,2008-07-28,Ridge,Hardwood,7,2,Litter_sifting,Leiodidae,80,1
2008-05-19,2008-05-29,Ridge,Hardwood,7,3,Litter_sifting,Elateridae,37,1
2008-09-22,2008-10-02,Ridge,Hardwood,7,1,Litter_sifting,Staphylinidae,82,1
2008-07-18,2008-07-28,Ridge,Hardwood,7,5,Litter_sifting,Staphylinidae,82,1
2008-05-19,2008-05-29,Ridge,Hardwood,7,4,Pitfall,Carabidae,1,4
2008-05-19,2008-05-29,Ridge,Hardwood,7,1,Pitfall,Staphylinidae,10,1
2008-09-22,2008-10-02,Ridge,Hardwood,7,2,Litter_sifting,Staphylinidae,48,1
2008-07-18,2008-07-28,Ridge,Hardwood,7,2,Litter_sifting,Staphylinidae,126,1
2008-07-18,2008-07-28,Ridge,Hardwood,7,4,Pitfall,Melandryidae,114,1
2008-05-19,2008-05-29,Ridge,Hardwood,7,4,Pitfall,Scarabaeidae,19,2
2008-07-18,2008-07-28,Ridge,Hardwood,7,1,Litter_sifting,Scydmaenidae,35,2
2008-07-18,2008-07-28,Ridge,Hardwood,7,2,Pitfall,Staphylinidae,126,5
2008-05-19,2008-05-29,Ridge,Hardwood,7,3,Pitfall,Carabidae,22,1
2008-05-19,2008-05-29,Ridge,Hardwood,7,4,Litter_sifting,Scarabaeidae,57,1
2008-07-18,2008-07-28,Ridge,Hardwood,7,4,Pitfall,Staphylinidae,117,5
2008-05-19,2008-05-29,Ridge,Hardwood,7,4,Litter_sifting,Elateridae,56,1
2008-07-18,2008-07-28,Ridge,Hardwood,7,2,Pitfall,Carabidae,2,1
2008-09-22,2008-10-02,Ridge,Hardwood,7,3,Pitfall,Nitidulidae,123,1
2008-07-18,2008-07-28,Ridge,Hardwood,7,4,Pitfall,Staphylinidae,118,6
2008-05-19,2008-05-29,Ridge,Hardwood,7,1,Litter_sifting,Elateridae,34,1
2008-07-18,2008-07-28,Ridge,Hardwood,7,4,Pitfall,Carabidae,113,1
2008-05-19,2008-05-29,Ridge,Hardwood,7,5,Litter_sifting,Staphylinidae,49,1
2008-09-22,2008-10-02,Ridge,Hardwood,7,3,Litter_sifting,Staphylinidae,51,1
2008-09-22,2008-10-02,Ridge,Hardwood,7,5,Litter_sifting,Staphylinidae,49,1
2008-09-22,2008-10-02,Ridge,Hardwood,7,2,Litter_sifting,Staphylinidae,51,1
2008-09-22,2008-10-02,Ridge,Hardwood,7,4,Litter_sifting,Chrysomelidae,53,1
2008-05-19,2008-05-29,Ridge,Hardwood,7,3,Litter_sifting,Chrysomelidae,53,1
2008-09-22,2008-10-02,Ridge,Hardwood,7,5,Litter_sifting,Nitidulidae,55,1
2008-09-22,2008-10-02,Ridge,Hardwood,7,4,Litter_sifting,Staphylinidae,49,1
2008-05-19,2008-05-29,Ridge,Hardwood,7,1,Pitfall,Carabidae,2,2
2008-09-22,2008-10-02,Ridge,Hardwood,7,4,Pitfall,Staphylinidae,50,2
2008-09-22,2008-10-02,Ridge,Hardwood,7,4,Litter_sifting,Nitidulidae,55,11
2008-05-19,2008-05-29,Ridge,Hardwood,7,4,Litter_sifting,Staphylinidae,50,1
2008-09-22,2008-10-02,Ridge,Hardwood,7,2,Litter_sifting,Nitidulidae,55,1
2008-09-22,2008-10-02,Ridge,Hardwood,7,3,Litter_sifting,Nitidulidae,55,5
2008-09-22,2008-10-02,Ridge,Hardwood,7,1,Litter_sifting,Scydmaenidae,35,1
2008-09-22,2008-10-02,Ridge,Hardwood,7,1,Litter_sifting,Nitidulidae,55,1
2008-07-18,2008-07-28,Ridge,Hardwood,7,3,Litter_sifting,Ptilidae,68,25
2008-07-18,2008-07-28,Ridge,Hardwood,7,4,Litter_sifting,Ptilidae,68,60
2008-07-18,2008-07-28,Ridge,Hardwood,7,2,Pitfall,Carabidae,106,1
2008-09-22,2008-10-02,Ridge,Hardwood,7,3,Litter_sifting,Ptilidae,68,4
2008-09-22,2008-10-02,Ridge,Hardwood,7,5,Pitfall,Staphylinidae,50,3
2008-07-18,2008-07-28,Ridge,Hardwood,7,5,Litter_sifting,Ptilidae,68,8
2008-05-19,2008-05-29,Ridge,Hardwood,7,4,Pitfall,Carabidae,2,8
2008-05-19,2008-05-29,Ridge,Hardwood,7,3,Litter_sifting,Lampyridae,16,2
2008-07-18,2008-07-28,Ridge,Hardwood,7,1,Pitfall,Staphylinidae,126,1
2008-07-18,2008-07-28,Ridge,Hardwood,7,1,Litter_sifting,Ptilidae,68,75
2008-05-19,2008-05-29,Ridge,Hardwood,7,1,Pitfall,Carabidae,17,1
2008-07-18,2008-07-28,Ridge,Hardwood,7,4,Pitfall,Staphylinidae,126,3
2008-05-19,2008-05-29,Ridge,Hardwood,7,2,Litter_sifting,Staphylinidae,49,1
2008-09-22,2008-10-02,Ridge,Hardwood,7,1,Pitfall,Carabidae,14,1
2008-09-22,2008-10-02,Ridge,Hardwood,7,3,Pitfall,Staphylinidae,50,4
2008-07-18,2008-07-28,Ridge,Hardwood,7,2,Litter_sifting,Scydmaenidae,35,1
2008-09-22,2008-10-02,Ridge,Hardwood,7,2,Litter_sifting,Chrysomelidae,64,1
2008-05-19,2008-05-29,Ridge,Hardwood,7,5,Litter_sifting,Scydmaenidae,35,1
2008-07-18,2008-07-28,Ridge,Hardwood,7,2,Pitfall,Staphylinidae,13,1
2008-05-19,2008-05-29,Ridge,Hardwood,7,1,Litter_sifting,Scydmaenidae,35,2
2008-09-22,2008-10-02,Ridge,Hardwood,7,1,Litter_sifting,Staphylinidae,49,1
2008-07-18,2008-07-28,Ridge,Hardwood,7,3,Litter_sifting,Staphylinidae,49,1
2008-07-18,2008-07-28,Ridge,Hardwood,7,4,Litter_sifting,Scydmaenidae,35,1
2008-05-19,2008-05-29,Ridge,Hardwood,7,2,Litter_sifting,Staphylinidae,50,2
2008-09-22,2008-10-02,Ridge,Hardwood,7,5,Litter_sifting,Staphylinidae,48,1
2008-07-18,2008-07-28,Ridge,Hardwood,7,2,Pitfall,Scarabaeidae,101,1
2008-05-19,2008-05-29,Ridge,Hardwood,7,4,Pitfall,Lampyridae,16,1
2008-07-18,2008-07-28,Ridge,Hardwood,7,4,Pitfall,Carabidae,106,1
2008-05-19,2008-05-29,Ridge,Hardwood,7,2,Litter_sifting,Staphylinidae,48,1
2008-09-22,2008-10-02,Ridge,Hardwood,7,4,Litter_sifting,Chrysomelidae,64,1
2008-05-19,2008-05-29,Valley,Hardwood,8,4,Pitfall,Carabidae,2,2
2008-09-22,2008-10-02,Valley,Hardwood,8,4,Pitfall,Nitidulidae,123,1
2008-07-18,2008-07-28,Valley,Hardwood,8,4,Pitfall,Nitidulidae,123,1
2008-09-22,2008-10-02,Valley,Hardwood,8,2,Pitfall,Nitidulidae,102,1
2008-09-22,2008-10-02,Valley,Hardwood,8,2,Pitfall,Nitidulidae,123,1
2008-05-19,2008-05-29,Valley,Hardwood,8,5,Pitfall,Carabidae,2,2
2008-07-18,2008-07-28,Valley,Hardwood,8,2,Pitfall,Nitidulidae,123,1
2008-09-22,2008-10-02,Valley,Hardwood,8,5,Pitfall,Nitidulidae,102,1
2008-07-18,2008-07-28,Valley,Hardwood,8,5,Pitfall,Nitidulidae,123,2
2008-07-18,2008-07-28,Valley,Hardwood,8,4,Pitfall,Staphylinidae,119,6
2008-07-18,2008-07-28,Valley,Hardwood,8,5,Pitfall,Staphylinidae,125,1
2008-09-22,2008-10-02,Valley,Hardwood,8,5,Pitfall,Nitidulidae,123,1
2008-05-19,2008-05-29,Valley,Hardwood,8,3,Pitfall,Carabidae,2,3
2008-07-18,2008-07-28,Valley,Hardwood,8,3,Pitfall,Carabidae,106,1
2008-05-19,2008-05-29,Valley,Hardwood,8,1,Pitfall,Carabidae,1,1
2008-09-22,2008-10-02,Valley,Hardwood,8,5,Pitfall,Carabidae,2,1
2008-07-18,2008-07-28,Valley,Hardwood,8,2,Pitfall,Staphylinidae,126,5
2008-07-18,2008-07-28,Valley,Hardwood,8,1,Pitfall,Carabidae,104,1
2008-05-19,2008-05-29,Valley,Hardwood,8,5,Pitfall,Carabidae,1,1
2008-05-19,2008-05-29,Valley,Hardwood,8,1,Pitfall,Staphylinidae,3,1
2008-05-19,2008-05-29,Valley,Hardwood,8,2,Pitfall,Staphylinidae,3,1
2008-07-18,2008-07-28,Valley,Hardwood,8,3,Litter_sifting,Curculionidae,12,1
2008-07-18,2008-07-28,Valley,Hardwood,8,3,Pitfall,Carabidae,104,2
2008-05-19,2008-05-29,Valley,Hardwood,8,3,Pitfall,Staphylinidae,3,1
2008-05-19,2008-05-29,Valley,Hardwood,8,5,Pitfall,Curculionidae,6,2
2008-07-18,2008-07-28,Valley,Hardwood,8,5,Pitfall,Staphylinidae,126,1
2008-05-19,2008-05-29,Valley,Hardwood,8,3,Pitfall,Carabidae,7,1
2008-07-18,2008-07-28,Valley,Hardwood,8,2,Pitfall,Staphylinidae,118,1
2008-07-18,2008-07-28,Valley,Hardwood,8,4,Pitfall,Staphylinidae,120,1
2008-07-18,2008-07-28,Valley,Hardwood,8,5,Pitfall,Carabidae,104,2
2008-07-18,2008-07-28,Valley,Hardwood,8,1,Pitfall,Staphylinidae,126,3
2008-07-18,2008-07-28,Valley,Hardwood,8,4,Pitfall,Staphylinidae,121,1
2008-05-19,2008-05-29,Valley,Hardwood,8,2,Pitfall,Curculionidae,6,1
2008-05-19,2008-05-29,Valley,Hardwood,8,2,Pitfall,Staphylinidae,138,1
2008-05-19,2008-05-29,Valley,Hardwood,8,2,Pitfall,Carabidae,7,1
2008-07-18,2008-07-28,Valley,Hardwood,8,2,Pitfall,Carabidae,7,1
2008-07-18,2008-07-28,Valley,Hardwood,8,4,Pitfall,Nitidulidae,122,1
2008-07-18,2008-07-28,Valley,Hardwood,8,3,Pitfall,Staphylinidae,126,1
2008-07-18,2008-07-28,Valley,Hardwood,8,1,Pitfall,Nitidulidae,123,3
2008-07-18,2008-07-28,Valley,Hardwood,8,1,Pitfall,Staphylinidae,117,1
2008-05-19,2008-05-29,Valley,Hardwood,8,1,Litter_sifting,Nitidulidae,55,5
2008-09-22,2008-10-02,Valley,Hardwood,8,4,Pitfall,Staphylinidae,50,1
2008-05-19,2008-05-29,Valley,Hardwood,8,5,Litter_sifting,Elateridae,34,1
2008-07-18,2008-07-28,Valley,Hardwood,8,2,Pitfall,Staphylinidae,50,1
2008-05-19,2008-05-29,Valley,Hardwood,8,3,Pitfall,Staphylinidae,29,1
2008-05-19,2008-05-29,Valley,Hardwood,8,3,Pitfall,Staphylinidae,28,1
2008-07-18,2008-07-28,Valley,Hardwood,8,4,Pitfall,Staphylinidae,27,2
2008-05-19,2008-05-29,Valley,Hardwood,8,2,Litter_sifting,Staphylinidae,51,1
2008-05-19,2008-05-29,Valley,Hardwood,8,3,Litter_sifting,Elateridae,52,1
2008-07-18,2008-07-28,Valley,Hardwood,8,3,Litter_sifting,Nitidulidae,55,1
2008-07-18,2008-07-28,Valley,Hardwood,8,4,Litter_sifting,Nitidulidae,55,5
2008-07-18,2008-07-28,Valley,Hardwood,8,4,Litter_sifting,Curculionidae,12,4
2008-09-22,2008-10-02,Valley,Hardwood,8,5,Litter_sifting,Nitidulidae,55,16
2008-07-18,2008-07-28,Valley,Hardwood,8,1,Pitfall,Staphylinidae,50,2
2008-09-22,2008-10-02,Valley,Hardwood,8,2,Litter_sifting,Nitidulidae,55,4
2008-09-22,2008-10-02,Valley,Hardwood,8,1,Litter_sifting,Nitidulidae,55,5
2008-09-22,2008-10-02,Valley,Hardwood,8,4,Litter_sifting,Nitidulidae,55,5
2008-09-22,2008-10-02,Valley,Hardwood,8,3,Litter_sifting,Nitidulidae,55,3
2008-05-19,2008-05-29,Valley,Hardwood,8,4,Litter_sifting,Nitidulidae,55,1
2008-05-19,2008-05-29,Valley,Hardwood,8,1,Litter_sifting,Elateridae,56,1
2008-07-18,2008-07-28,Valley,Hardwood,8,5,Litter_sifting,Scaphidiidae,62,1
2008-05-19,2008-05-29,Valley,Hardwood,8,4,Pitfall,Lucanidae,18,1
2008-05-19,2008-05-29,Valley,Hardwood,8,1,Pitfall,Lucanidae,18,1
2008-07-18,2008-07-28,Valley,Hardwood,8,3,Pitfall,Carabidae,17,2
2008-07-18,2008-07-28,Valley,Hardwood,8,4,Pitfall,Carabidae,17,1
2008-07-18,2008-07-28,Valley,Hardwood,8,2,Litter_sifting,Nitidulidae,55,2
2008-05-19,2008-05-29,Valley,Hardwood,8,4,Litter_sifting,Scydmaenidae,35,1
2008-05-19,2008-05-29,Valley,Hardwood,8,3,Litter_sifting,Elateridae,40,1
2008-05-19,2008-05-29,Valley,Hardwood,8,5,Litter_sifting,Scarabaeidae,44,2
2008-05-19,2008-05-29,Valley,Hardwood,8,1,Litter_sifting,Scarabaeidae,44,1
2008-09-22,2008-10-02,Valley,Hardwood,8,5,Litter_sifting,Scydmaenidae,35,2
2008-05-19,2008-05-29,Valley,Hardwood,8,1,Litter_sifting,Carabidae,47,3
2008-09-22,2008-10-02,Valley,Hardwood,8,4,Litter_sifting,Carabidae,47,1
2008-09-22,2008-10-02,Valley,Hardwood,8,1,Litter_sifting,Carabidae,47,1
2008-07-18,2008-07-28,Valley,Hardwood,8,4,Litter_sifting,Scydmaenidae,35,1
2008-05-19,2008-05-29,Valley,Hardwood,8,3,Litter_sifting,Carabidae,47,1
2008-09-22,2008-10-02,Valley,Hardwood,8,5,Pitfall,Carabidae,47,1
2008-07-18,2008-07-28,Valley,Hardwood,8,2,Litter_sifting,Staphylinidae,48,1
2008-05-19,2008-05-29,Valley,Hardwood,8,2,Litter_sifting,Elateridae,34,1
2008-07-18,2008-07-28,Valley,Hardwood,8,5,Litter_sifting,Scydmaenidae,35,1
2008-07-18,2008-07-28,Valley,Hardwood,8,4,Litter_sifting,Staphylinidae,50,8
2008-07-18,2008-07-28,Valley,Hardwood,8,1,Litter_sifting,Scydmaenidae,35,3
2008-07-18,2008-07-28,Valley,Hardwood,8,1,Litter_sifting,Staphylinidae,49,2
2008-09-22,2008-10-02,Valley,Hardwood,8,2,Litter_sifting,Scydmaenidae,35,8
2008-05-19,2008-05-29,Valley,Hardwood,8,3,Litter_sifting,Scydmaenidae,35,1
2008-05-19,2008-05-29,Valley,Hardwood,8,5,Litter_sifting,Staphylinidae,50,5
2008-09-22,2008-10-02,Valley,Hardwood,8,5,Pitfall,Staphylinidae,50,1
2008-09-22,2008-10-02,Valley,Hardwood,8,2,Litter_sifting,Staphylinidae,50,3
2008-07-18,2008-07-28,Valley,Hardwood,8,4,Pitfall,Staphylinidae,50,7
2008-05-19,2008-05-29,Valley,Hardwood,8,3,Litter_sifting,Elateridae,34,1
2008-07-18,2008-07-28,Valley,Hardwood,8,2,Litter_sifting,Staphylinidae,50,18
2008-07-18,2008-07-28,Valley,Hardwood,8,3,Litter_sifting,Ptilidae,68,2
2008-05-19,2008-05-29,Valley,Hardwood,8,5,Litter_sifting,Scydmaenidae,35,1
2008-05-19,2008-05-29,Valley,Hardwood,8,1,Pitfall,Staphylinidae,10,2
2008-05-19,2008-05-29,Valley,Hardwood,8,3,Pitfall,Lampyridae,16,1
2008-07-18,2008-07-28,Valley,Hardwood,8,5,Litter_sifting,Curculionidae,12,1
2008-07-18,2008-07-28,Valley,Hardwood,8,1,Litter_sifting,Curculionidae,12,2
2008-05-19,2008-05-29,Valley,Hardwood,8,1,Litter_sifting,Curculionidae,12,3
2008-09-22,2008-10-02,Valley,Hardwood,8,2,Litter_sifting,Curculionidae,12,4
2008-07-18,2008-07-28,Valley,Hardwood,8,5,Pitfall,Carabidae,75,1
2008-07-18,2008-07-28,Valley,Hardwood,8,4,Litter_sifting,Carabidae,75,1
2008-07-18,2008-07-28,Valley,Hardwood,8,4,Pitfall,Carabidae,75,1
2008-09-22,2008-10-02,Valley,Hardwood,8,4,Litter_sifting,Staphylinidae,11,1
2008-07-18,2008-07-28,Valley,Hardwood,8,3,Pitfall,Carabidae,75,1
2008-09-22,2008-10-02,Valley,Hardwood,8,2,Pitfall,Carabidae,75,1
2008-09-22,2008-10-02,Valley,Hardwood,8,4,Pitfall,Carabidae,75,1
2008-09-22,2008-10-02,Valley,Hardwood,8,5,Pitfall,Carabidae,75,1
2008-07-18,2008-07-28,Valley,Hardwood,8,1,Pitfall,Carabidae,75,2
2008-07-18,2008-07-28,Valley,Hardwood,8,1,Pitfall,Staphylinidae,10,1
2008-07-18,2008-07-28,Valley,Hardwood,8,4,Litter_sifting,Curculionidae,76,1
2008-07-18,2008-07-28,Valley,Hardwood,8,4,Litter_sifting,Latridiidae,77,1
2008-05-19,2008-05-29,Valley,Hardwood,8,2,Pitfall,Staphylinidae,10,1
2008-09-22,2008-10-02,Valley,Hardwood,8,4,Litter_sifting,Leiodidae,83,1
2008-09-22,2008-10-02,Valley,Hardwood,8,5,Litter_sifting,Leiodidae,92,1
2008-09-22,2008-10-02,Valley,Hardwood,8,1,Pitfall,Leiodidae,92,1
2008-05-19,2008-05-29,Valley,Hardwood,8,1,Litter_sifting,Carabidae,7,1
2008-09-22,2008-10-02,Valley,Hardwood,8,4,Pitfall,Scarabaeidae,101,2
2008-07-18,2008-07-28,Valley,Hardwood,8,5,Litter_sifting,Carabidae,7,1
2008-09-22,2008-10-02,Valley,Hardwood,8,1,Litter_sifting,Carabidae,7,1
2008-07-18,2008-07-28,Valley,Hardwood,8,2,Litter_sifting,Carabidae,75,2
2008-05-19,2008-05-29,Valley,Hardwood,8,5,Litter_sifting,Curculionidae,12,3
2008-09-22,2008-10-02,Valley,Hardwood,8,3,Litter_sifting,Carabidae,7,1
2008-07-18,2008-07-28,Valley,Hardwood,8,5,Litter_sifting,Ptilidae,68,27
2008-05-19,2008-05-29,Valley,Hardwood,8,1,Pitfall,Staphylinidae,13,2
2008-07-18,2008-07-28,Valley,Hardwood,8,2,Pitfall,Staphylinidae,13,1
2008-07-18,2008-07-28,Valley,Hardwood,8,4,Litter_sifting,Ptilidae,68,9
2008-07-18,2008-07-28,Valley,Hardwood,8,4,Pitfall,Staphylinidae,13,1
2008-09-22,2008-10-02,Valley,Hardwood,8,3,Litter_sifting,Ptilidae,68,5
2008-07-18,2008-07-28,Valley,Hardwood,8,1,Pitfall,Staphylinidae,13,1
2008-07-18,2008-07-28,Valley,Hardwood,8,5,Litter_sifting,Carabidae,69,1
2008-07-18,2008-07-28,Valley,Hardwood,8,1,Litter_sifting,Carabidae,69,1
2008-05-19,2008-05-29,Valley,Hardwood,8,5,Pitfall,Staphylinidae,13,1
2008-07-18,2008-07-28,Valley,Hardwood,8,2,Litter_sifting,Curculionidae,12,5
2008-05-19,2008-05-29,Valley,Hardwood,8,4,Litter_sifting,Curculionidae,12,1
2008-07-18,2008-07-28,Valley,Hardwood,8,1,Litter_sifting,Ptilidae,68,2
2008-07-18,2008-07-28,Valley,Hardwood,8,5,Pitfall,Staphylinidae,72,1
2008-07-18,2008-07-28,Valley,Hardwood,8,4,Litter_sifting,Staphylinidae,72,1
2008-07-18,2008-07-28,Valley,Hardwood,8,3,Litter_sifting,Staphylinidae,72,1
2008-05-19,2008-05-29,Valley,Hardwood,8,5,Pitfall,Curculionidae,12,2
2008-07-18,2008-07-28,Valley,Hardwood,8,5,Litter_sifting,Staphylinidae,73,1
2008-09-22,2008-10-02,Valley,Hardwood,8,4,Litter_sifting,Curculionidae,12,10
2008-09-22,2008-10-02,Valley,Hardwood,8,5,Litter_sifting,Curculionidae,12,2
2008-09-22,2008-10-02,Valley,Hardwood,8,1,Litter_sifting,Curculionidae,12,3
2008-09-22,2008-10-02,Valley,Hardwood,8,3,Litter_sifting,Curculionidae,12,5
2008-07-18,2008-07-28,Valley,Hardwood,8,5,Litter_sifting,Elateridae,74,1
2008-07-18,2008-07-28,Valley,Hardwood,8,4,Litter_sifting,Elateridae,74,1
2008-07-18,2008-07-28,Valley,Hardwood,8,5,Litter_sifting,Staphylinidae,71,1
